{"min_values": {"capital": 11430.16703954695, "monthly_savings": 574.794799874503, "age": 18.08427392595252}, "max_values": {"capital": 998557.9686999004, "monthly_savings": 19997.05970150753, "age": 69.9758704631636}}